archivo,orden,latitud,longitud,altura,temperatura,error_distancia,piso_ruido_dbm,calidad,p_media_A,p_media_B,p_media_C,p_media_D,p_total_A,p_total_B,p_total_C,p_total_D,ocupado_A,ocupado_B,ocupado_C,ocupado_D
001.txt,1,6.24325667,-75.58667000,1500.6,42.81,0.8,-73.50,buena,-68.0701,-66.6463,-38.5008,-67.2730,-43.9877,-42.5639,-14.4184,-43.1906,0,0,1,0
002.txt,2,6.24116167,-75.58820833,1504.8,44.56,0.9,-75.82,buena,-67.9244,-65.4491,-37.8405,-63.5595,-43.8420,-41.3667,-13.7581,-39.4771,0,0,1,0
003.txt,3,6.23996167,-75.58939667,1506.3,45.15,0.8,-80.73,buena,-80.4825,-73.0168,-43.2895,-76.3360,-56.4001,-48.9344,-19.2071,-52.2536,0,0,1,0
004.txt,4,6.23917167,-75.59280667,1514.0,45.44,0.8,-91.69,buena,-87.6497,-87.0935,-63.7908,-89.1881,-63.5673,-63.0111,-39.7084,-65.1057,0,0,0,0
005.txt,5,6.23902333,-75.59631333,1526.6,45.44,0.8,-92.34,buena,-88.4749,-88.3514,-64.8882,-88.6350,-64.3925,-64.2690,-40.8058,-64.5526,0,0,0,0
006.txt,6,6.23881167,-75.60218833,1543.8,46.32,0.8,-78.55,buena,-69.9621,-62.7947,-49.9603,-69.3918,-45.8797,-38.7123,-25.8779,-45.3094,0,0,1,0
007.txt,7,6.23185500,-75.60218167,1547.3,44.56,0.8,-73.91,buena,-71.1535,-70.6776,-60.9193,-71.4321,-47.0711,-46.5952,-36.8369,-47.3497,0,0,0,0
008.txt,8,6.22636000,-75.60079000,1545.0,45.44,4.4,-88.56,imputada,-86.1815,-85.4555,-71.8474,-84.8035,-62.0991,-61.3731,-47.7650,-60.7211,0,0,0,0
009.txt,9,6.22086500,-75.59939833,1542.7,46.61,1.1,-71.98,buena,-64.5601,-33.7226,-58.3035,-44.9175,-40.4777,-9.6402,-34.2211,-20.8351,0,1,1,1
010.txt,10,6.21840667,-75.59889333,1534.7,46.61,1.1,-93.31,buena,-90.2785,-90.3115,-65.1526,-90.3800,-66.1961,-66.2291,-41.0702,-66.2976,0,0,0,0
011.txt,11,6.21624333,-75.59776167,1531.5,47.19,1.2,-87.43,buena,-73.3204,-73.8430,-61.9227,-74.5313,-49.2380,-49.7606,-37.8403,-50.4489,0,0,0,0
012.txt,12,6.21274333,-75.59598000,1530.7,47.19,1.2,-89.67,buena,-81.5722,-79.0405,-72.5762,-82.8144,-57.4898,-54.9581,-48.4938,-58.7320,0,0,0,0
013.txt,13,6.21056833,-75.59483167,1544.4,47.19,1.0,-89.38,buena,-73.7915,-80.2094,-64.5520,-83.9883,-49.7091,-56.1270,-40.4696,-59.9059,0,0,0,0
014.txt,14,6.20776833,-75.58962333,1535.0,47.49,1.0,-89.54,buena,-68.9548,-86.6011,-59.9972,-86.9497,-44.8724,-62.5187,-35.9148,-62.8673,0,0,1,0
015.txt,15,6.20481167,-75.58803667,1526.8,48.07,1.0,-88.20,buena,-85.2765,-84.4067,-50.8300,-85.0455,-61.1941,-60.3243,-26.7476,-60.9631,0,0,1,0
016.txt,16,6.20118667,-75.58448833,1528.0,48.65,1.0,-36.96,buena,-28.8308,-26.9360,-11.3256,-28.4983,-4.7484,-2.8536,12.7568,-4.4159,1,1,1,1
017.txt,17,6.19883500,-75.58472500,1565.0,47.49,17.3,-68.46,degradada,-54.4990,-61.1114,-35.8665,-63.4238,-30.4166,-37.0290,-11.7841,-39.3414,1,0,1,0
018.txt,18,6.19695667,-75.58540833,1531.3,48.07,1.0,-59.29,buena,-56.0652,-33.1922,-35.8123,-42.6061,-31.9828,-9.1098,-11.7299,-18.5237,1,1,1,1
019.txt,19,6.19562500,-75.58329333,1530.5,47.78,0.9,-86.35,buena,-81.7466,-78.2896,-57.3988,-77.4189,-57.6642,-54.2072,-33.3164,-53.3365,0,0,1,0
020.txt,20,6.18688667,-75.58584833,1537.7,48.07,1.0,-64.03,buena,-60.4597,-29.0790,-51.2008,-42.8680,-36.3773,-4.9966,-27.1184,-18.7856,0,1,1,1
021.txt,21,6.18019000,-75.59157667,1547.6,48.07,1.0,-73.27,buena,-65.9166,-60.8415,-45.7666,-67.4074,-41.8342,-36.7591,-21.6842,-43.3250,0,0,1,0
022.txt,22,6.17415333,-75.59803000,1558.4,47.49,0.9,-56.63,buena,-54.4298,-52.0103,-31.1278,-52.7361,-30.3474,-27.9279,-7.0454,-28.6537,1,1,1,1
023.txt,23,6.17022333,-75.60351500,1568.8,48.07,0.9,-64.65,buena,-60.1514,-57.0082,-30.3579,-55.7389,-36.0690,-32.9258,-6.2755,-31.6565,0,1,1,1
024.txt,24,6.16859667,-75.60579500,1574.0,48.65,1.0,-50.85,buena,-44.9565,-26.0511,-20.2067,-41.9282,-20.8741,-1.9687,3.8757,-17.8458,1,1,1,1
025.txt,25,6.16463667,-75.60600667,1578.9,48.07,0.9,-56.11,buena,-50.3389,-46.3661,-23.5468,-46.6597,-26.2565,-22.2837,0.5356,-22.5773,1,1,1,1
026.txt,26,6.16087167,-75.60514333,1584.9,48.36,1.2,-72.02,buena,-69.0133,-68.4920,-44.8039,-66.5473,-44.9309,-44.4096,-20.7215,-42.4649,0,0,1,0
027.txt,27,6.15800500,-75.60950500,1589.6,48.07,1.4,-84.79,buena,-75.5637,-70.5382,-52.9328,-76.8801,-51.4813,-46.4558,-28.8504,-52.7977,0,0,1,0
028.txt,28,6.16251667,-75.60298667,1577.9,48.07,1.0,-60.05,buena,-55.1622,-28.7599,-32.0257,-39.4178,-31.0798,-4.6775,-7.9433,-15.3354,1,1,1,1
029.txt,29,6.16507000,-75.60044833,1569.2,48.07,1.0,-61.65,buena,-54.8974,-58.4878,-38.8498,-50.6617,-30.8150,-34.4054,-14.7674,-26.5793,1,1,1,1
030.txt,30,6.16771000,-75.59654167,1563.9,48.36,1.3,-75.86,buena,-67.1866,-63.7092,-46.7035,-64.9022,-43.1042,-39.6268,-22.6211,-40.8198,0,0,1,0
031.txt,31,6.16734167,-75.59495500,1565.9,48.36,1.0,-62.56,buena,-58.7555,-29.0618,-44.2264,-38.8504,-34.6731,-4.9794,-20.1440,-14.7680,1,1,1,1
032.txt,32,6.17039333,-75.59516667,1562.3,48.95,1.0,-91.17,buena,-81.6990,-89.3908,-59.3216,-87.3705,-57.6166,-65.3084,-35.2392,-63.2881,0,0,1,0
033.txt,33,6.17383500,-75.59216333,1567.3,48.36,0.8,-68.78,buena,-64.5386,-38.8900,-40.2500,-62.6771,-40.4562,-14.8076,-16.1676,-38.5947,0,1,1,0
034.txt,34,6.17920167,-75.58829833,1540.2,48.65,0.9,-62.73,buena,-57.5346,-27.8943,-51.2825,-39.3048,-33.4522,-3.8119,-27.2001,-15.2224,1,1,1,1
035.txt,35,6.17748333,-75.58596167,1564.1,48.95,0.9,-67.16,buena,-62.8807,-56.0809,-40.9053,-60.1331,-38.7983,-31.9985,-16.8229,-36.0507,0,1,1,0
036.txt,36,6.17896167,-75.58374000,1555.8,48.95,1.0,-66.89,buena,-63.9431,-61.2079,-34.5372,-60.3284,-39.8607,-37.1255,-10.4548,-36.2460,0,0,1,0
037.txt,37,6.18343500,-75.57971167,1556.1,48.95,0.8,-71.80,buena,-48.0572,-63.5483,-52.0827,-64.1082,-23.9748,-39.4659,-28.0003,-40.0258,1,0,1,0
038.txt,38,6.18726333,-75.57786500,1574.7,49.24,0.9,-82.70,buena,-76.3753,-70.1896,-47.7577,-71.9314,-52.2929,-46.1072,-23.6753,-47.8490,0,0,1,0
039.txt,39,6.19392000,-75.57639167,1560.6,49.82,0.9,-84.02,buena,-80.6973,-78.1820,-45.7287,-80.6363,-56.6149,-54.0996,-21.6463,-56.5539,0,0,1,0
040.txt,40,6.19710833,-75.57459333,1565.1,49.53,1.2,-85.85,buena,-83.1014,-81.4988,-48.1171,-80.3684,-59.0190,-57.4164,-24.0347,-56.2860,0,0,1,0
041.txt,41,6.19830167,-75.57404833,1561.3,49.24,0.9,-68.03,buena,-64.7404,-63.1814,-51.7746,-63.4589,-40.6580,-39.0990,-27.6922,-39.3765,0,0,1,0
042.txt,42,6.19956500,-75.57337167,1558.1,49.24,1.0,-77.63,buena,-70.8185,-65.5039,-46.2717,-69.5779,-46.7361,-41.4215,-22.1893,-45.4955,0,0,1,0
043.txt,43,6.20146000,-75.57235500,1553.2,49.53,1.0,-81.62,buena,-77.3203,-71.8818,-51.2586,-73.2073,-53.2379,-47.7994,-27.1762,-49.1249,0,0,1,0
044.txt,44,6.20291500,-75.57185833,1549.1,49.53,0.9,-67.90,buena,-63.9836,-61.5510,-41.9463,-61.0864,-39.9012,-37.4686,-17.8639,-37.0040,0,0,1,0
045.txt,45,6.20574667,-75.57146000,1546.7,49.24,0.9,-66.31,buena,-57.8098,-28.3891,-51.8645,-38.4364,-33.7274,-4.3067,-27.7821,-14.3540,1,1,1,1
046.txt,46,6.20934833,-75.57089000,1549.0,49.82,1.2,-87.20,buena,-81.8129,-81.9531,-51.0259,-84.1140,-57.7305,-57.8707,-26.9435,-60.0316,0,0,1,0
047.txt,47,6.21079167,-75.57033667,1551.0,49.53,0.8,-92.63,buena,-87.4394,-86.2051,-54.8782,-89.7356,-63.3570,-62.1227,-30.7958,-65.6532,0,0,1,0
048.txt,48,6.21239167,-75.56995500,1553.3,48.95,0.8,-70.98,buena,-68.2175,-61.2651,-42.2161,-65.8786,-44.1351,-37.1827,-18.1337,-41.7962,0,0,1,0
049.txt,49,6.21962333,-75.56944167,1533.5,49.53,0.8,-80.20,buena,-77.8767,-72.4174,-41.2802,-74.8943,-53.7943,-48.3350,-17.1978,-50.8119,0,0,1,0
050.txt,50,6.22670000,-75.56914000,1513.3,48.95,0.9,-72.52,buena,-65.7249,-61.4779,-42.4987,-65.6161,-41.6425,-37.3955,-18.4163,-41.5337,0,0,1,0
051.txt,51,6.22819667,-75.57015000,1508.6,49.24,0.9,-84.96,buena,-72.4830,-71.6795,-55.8703,-73.7981,-48.4006,-47.5971,-31.7879,-49.7157,0,0,1,0
052.txt,52,6.23100000,-75.57425167,1506.6,48.95,0.8,-55.41,buena,-54.5625,-52.0586,-33.6989,-51.8506,-30.4801,-27.9762,-9.6165,-27.7682,1,1,1,1
053.txt,53,6.23200000,-75.57737667,1499.0,49.53,0.8,-85.00,buena,-74.1259,-72.2044,-52.7164,-75.8483,-50.0435,-48.1220,-28.6340,-51.7659,0,0,1,0
054.txt,54,6.23199000,-75.58073000,1502.9,48.95,0.9,-70.60,buena,-67.7007,-64.0865,-45.3161,-66.4880,-43.6183,-40.0041,-21.2337,-42.4056,0,0,1,0
055.txt,55,6.23184000,-75.58601000,1509.1,49.53,0.8,-72.53,buena,-70.1719,-68.1127,-41.3804,-66.5216,-46.0895,-44.0303,-17.2981,-42.4392,0,0,1,0
056.txt,56,6.23434167,-75.58732167,1510.8,49.53,0.8,-63.08,buena,-61.2204,-58.6210,-35.5346,-57.8800,-37.1380,-34.5386,-11.4522,-33.7976,0,1,1,1
057.txt,57,6.23608333,-75.59048667,1522.1,49.24,0.9,-57.73,buena,-52.5055,-51.5720,-34.7155,-51.4496,-28.4231,-27.4896,-10.6331,-27.3672,1,1,1,1
058.txt,58,6.23811000,-75.59084500,1510.3,49.24,1.0,-87.40,buena,-73.3574,-73.9529,-52.6706,-79.4062,-49.2750,-49.8705,-28.5882,-55.3238,0,0,1,0
059.txt,59,6.23820833,-75.59075500,1511.3,48.95,0.8,-72.60,buena,-69.4107,-63.7927,-43.0722,-66.3955,-45.3283,-39.7103,-18.9898,-42.3131,0,0,1,0
060.txt,60,6.23899667,-75.58992500,1512.7,49.82,0.7,-63.37,buena,-61.3289,-58.0274,-40.9281,-58.1914,-37.2465,-33.9450,-16.8457,-34.1090,0,1,1,1
061.txt,61,6.24042333,-75.59082833,1508.1,50.41,0.8,-63.33,buena,-59.8169,-56.3632,-39.1801,-57.3133,-35.7345,-32.2808,-15.0977,-33.2309,1,1,1,1
